line,PCollection,Product,Description,Color,Size,Price,AT Ship
134,Dg Collection,DG0001,Fishnet Stay Up,White,O/S,8.95,72
131,Dg Collection,DG0001,Fishnet Stay Up,Black,O/S,8.95,216
135,Dg Collection,DG0001N,Back Seam Fishnet Stay Ups With Lace Top,Hot Pink,O/S,9.95,49
139,Dg Collection,DG0001X,Fishnet Stay Up,Black,QUEEN,9.95,90
143,Dg Collection,DG0002,Sheer Thigh High With Lace Top,Black,O/S,6.75,187
144,Dg Collection,DG0002,Sheer Thigh High With Lace Top,White,O/S,6.75,151
146,Dg Collection,DG0002X,Sheer Thigh High With Lace Top,White,QUEEN,7.75,62
145,Dg Collection,DG0002X,Sheer Thigh High With Lace Top,Black,QUEEN,7.75,93
151,Dg Collection,DG0005,Sheer Stay Up,White,O/S,8.95,81
149,Dg Collection,DG0005,Sheer Stay Up,Nude,O/S,8.95,69
150,Dg Collection,DG0005,Sheer Stay Up,Red,O/S,8.95,55
147,Dg Collection,DG0005,Sheer Stay Up,Black,O/S,8.95,240
154,Dg Collection,DG0005X,Sheer Stay Up,Black,QUEEN,9.95,128
159,Dg Collection,DG0006,Lace Top Fishnet Thigh Hi,Black,O/S,6.95,77
168,Dg Collection,DG0007,Sheer Thigh Hi,White,O/S,4.95,59
163,Dg Collection,DG0007,Sheer Thigh Hi,Black,O/S,4.95,491
169,Dg Collection,DG0007X,Backseam Thigh Hi,Black,QUEEN,5.95,68
178,Dg Collection,DG0010,Fence Net Pantyhose,Neon Pink,O/S,6.95,42
177,Dg Collection,DG0010,Fence Net Pantyhose,Black,O/S,6.95,107
180,Dg Collection,DG0011,"Fishnet Pantyhose, Back Seam",Black,O/S,5.95,47
182,Dg Collection,DG0011X,"Fishnet Pantyhose, Back Seam",Black,QUEEN,6.95,36
184,Dg Collection,DG0013,Suspender Pantyhose,Black,O/S,9.5,127
185,Dg Collection,DG0013,Suspender Pantyhose,Red,O/S,9.5,39
187,Dg Collection,DG0013X,Suspender Pantyhose,Black,QUEEN,10.5,69
190,Dg Collection,DG0015,Open Crotch Fishnet Bodystocking,Black,O/S,8.95,245
191,Dg Collection,DG0015,Open Crotch Fishnet Bodystocking,Neon Pink,O/S,8.95,47
192,Dg Collection,DG0015X,Open Crotch Fishnet Bodystocking,Black,QUEEN,9.95,50
202,Dg Collection,DG0035,Semi-Sheer Halter Garter Dress,Black,O/S,17.95,45
204,Dg Collection,DG0035X,Semi-Sheer Halter Garter Dress,Black,QUEEN,19.95,49
214,Dg Collection,DG0079,Open Crotch Fishnet Bodystocking,Black,O/S,11.95,74
215,Dg Collection,DG0079N,Open Crotch Fishnet Bodystocking,Neon Pink,O/S,11.95,55
217,Dg Collection,DG0082,Sheer Open Crotch Pantyhose,Black,O/S,6.5,64
218,Dg Collection,DG0082X,Sheer Open Crotch Pantyhose,Black,QUEEN,7.95,59
225,Dg Collection,DG0115,"Fence-Net Stockings, Stay Up Lace Top",Black,O/S,9.95,37
227,Dg Collection,DG0144,Lace Garter Dress,Black,O/S,27.5,54
243,Dg Collection,DG0215,Fishnet Thigh Hi,Black,O/S,6.5,52
246,Dg Collection,DG0219,Sheer Boot Design Thigh Hi,Black,O/S,9.95,54
261,Dg Collection,DG0250,Semi Opaque Suspender Pantyhose,Black,O/S,10.5,50
329,Dg Collection,DG0329,Teddy-Bodystocking With Attached Thigh Hi,Black,O/S,22.95,36
367,Dg Collection,DG0369,Double Fence Net Pantyhose,Black,O/S,9.25,48
407,Dg Collection,DG0417,Leopard Net Bodystocking,Burgundy,O/S,19.95,38
423,Dg Collection,DG0443,Knit Print Bodystocking,Black,O/S,23.95,54
463,Dg Collection,DG0501,Promo70-Suspender Pantyhose,Black,O/S,14.95,45
482,Dg Collection,DG0523,2Pc Gown & Shrug,Cherry,O/S,26.5,36
494,Dg Collection,DG0533,Leopard Stay Up,Nude-Black,O/S,17.95,56
1143,Dg Collection,DG10575,"Fishnet Halter Teddy, Restraints",Black,O/S,27.5,70
1533,Dg Collection,DG10983,Lace Garter,Black,S/M,10.95,40
4423,Dg Collection,DG12450,Flogger Leather Teddy,Black,O/S,28.95,38
4494,Dg Collection,DG12495,Fetish Garter Teddy,Black,O/S,28.95,77
4870,Dg Fhv,DG12668,Promo40-Sparkly Garter Slip,Red-Gold,O/S,28.95,52
4871,Dg Fhv,DG12669,Promo50-Sequin Garter Slip,Black,O/S,28.5,38
4875,Dg Fhv,DG12672,Promo50-Sequin Garter Teddy,Nocturnal,O/S,30.5,83
4876,Dg Fhv,DG12672X,Promo50-Sequin Garter Teddy,Nocturnal,QUEEN,31.95,43
4942,Dg Collection,DG12702,Sheer & Lace Garter Slip,Red,O/S,28.95,63
4949,Dg Fhv,DG12711,Velvet Garter Slip,Burgundy,O/S,28.95,56
5116,Dg Collection,DG12816,Teddy And Cuffs,Black,O/S,32.95,55
5965,Dg Collection,DG13275,Detachable Net Garter Slip,Magenta,O/S,29.95,57
5972,Dg Collection,DG13282,Faux Leather Garter Slip,Black,O/S,26.95,42
6602,Dg Collection,DG13675,Seamless Chemise,Black,O/S,26.5,68
6606,Dg Collection,DG13680,2Pc Fetish Teddy,Red,O/S,22.95,62
6607,Dg Collection,DG13680X,2Pc Fetish Teddy,Red,QUEEN,24.95,48
6614,Dg Collection,DG13692,Dot Mesh Garter Slip,Light Pink,O/S,30.95,51
6615,Dg Collection,DG13692X,Dot Mesh Garter Slip,Light Pink,QUEEN,32.95,37
6628,Dg Collection,DG13704,Flogger Garter Slip,Black,O/S,32.95,59
7078,Dg Collection,DG4575,Roxie Hot Short,Nude,M/L,11.95,200
7077,Dg Collection,DG4575,Roxie Hot Short,Nude,S/M,11.95,168
7171,Dg Collection,DG7031,Sheer Thigh Highs with Back Seam.,Black,O/S,4.95,39
7336,Dg Collection,DG8735,Lace Garterbelt,White,O/S,17.95,42
7332,Dg Collection,DG8735,Lace Garterbelt,Black,O/S,17.95,71
7341,Dg Collection,DG8735X,Lace Garterbelt,White,QUEEN,19.95,40
7337,Dg Collection,DG8735X,Lace Garterbelt,Black,QUEEN,19.95,66
9057,Fa Collection,FAGL2126X,3Pc Footless Bodystocking,Neon Green-Neon Pink,QUEEN,21.5,43
25388,Ml Hosiery,ML333,Stretch Sheer Control Top Pantyhose,Black,O/S,6.25,38
25680,Ml Hosiery,ML4101,Sheer Thigh Hi,Black,O/S,4.95,39
25726,Ml Hosiery,ML4110,Sheer Thigh Hi,Black,O/S,7.5,45
25746,Ml Hosiery,ML4119,Backseam Thigh Hi,Beige,O/S,7.5,41
25796,Ml Hosiery,ML4139,Sheer Stay Up,White,O/S,8.5,46
25794,Ml Hosiery,ML4139,Sheer Stay Up,Black,O/S,8.5,57
25806,Ml Hosiery,ML4144,Jewel Backseam Thigh Hi,Black,O/S,8.5,37
25816,Ml Hosiery,ML4150,Backseam Stay Up,Black,O/S,8.5,63
25987,Ml Hosiery,ML43006,Double Band Harness Garters,Black,O/S,12.25,39
26328,Ml Hosiery,ML4745,Opaque Thigh Hi,Black,O/S,4.5,101
26345,Ml Hosiery,ML4745,Opaque Thigh Hi,White,O/S,4.5,88
26347,Ml Hosiery,ML4745Q,Opaque Thigh Hi,Black,QUEEN,5.5,41
26498,Ml Hosiery,ML4900,Fishnet Thigh Hi,Black,O/S,3.95,53
26590,Ml Hosiery,ML4919,Lace Top Backseam Fishnet Thigh Hi,Black,O/S,6.95,38
26607,Ml Hosiery,ML4924,Diamond Fishnet Thigh Hi,Black,O/S,6.25,44
26616,Ml Hosiery,ML4924,Diamond Fishnet Thigh Hi,White,O/S,6.25,43
26630,Ml Hosiery,ML4930,Fishnet Thigh Hi,Black,O/S,5.5,68
26647,Ml Hosiery,ML4931,Lace Top Fishnet Thigh Hi,Black,O/S,6.95,38
27844,Ml Lingerie,ML6628,Fishnet Dress,Black,O/S,13.25,36
30573,Ml Hosiery,ML800,Sheer Open Crotch Pantyhose,Black,O/S,6.95,47
30829,Ml Lingerie,ML8629,"Lace, Fishnet Teddy",Black,O/S,15.25,74
30868,Ml Hosiery,ML9000,Seamless Fishnet Pantyhose,Beige,O/S,6.25,41
30869,Ml Hosiery,ML9000,Seamless Fishnet Pantyhose,Black,O/S,6.25,92
30881,Ml Hosiery,ML9000Q,Seamless Spandex Pantyhose,Black,QUEEN,6.95,49
30889,Ml Hosiery,ML9001,Fishnet Pantyhose,Black,O/S,3.95,58
30955,Ml Hosiery,ML901,Fishnet Open Pantyhose,Black,O/S,7.5,40
30989,Ml Hosiery,ML9030,Diamond Net Pantyhose,Black,O/S,6.25,76
31006,Ml Hosiery,ML9030Q,Diamond Net Pantyhose,Black,QUEEN,6.95,38
